[
  {
    "Fill": {
      "fill": "NonZero",
      "transform": [1.0, 0.0, 0.0, 1.0, 0.0, 0.0],
      "brush": {"Solid": {"components": [0.94117653, 0.94117653, 0.9607844, 1.0], "cs": null}},
      "brush_transform": null,
      "shape": "M0,0 L400,0 L400,300 L0,300 Z"
    }
  },
  {
    "BoxShadow": {
      "transform": [1.0, 0.0, 0.0, 1.0, 4.0, 4.0],
      "rect": {"x0": 20.0, "y0": 20.0, "x1": 180.0, "y1": 140.0},
      "brush": {"components": [0.0, 0.0, 0.0, 0.23529413], "cs": null},
      "radius": 12.0,
      "std_dev": 8.0
    }
  },
  {
    "Fill": {
      "fill": "NonZero",
      "transform": [1.0, 0.0, 0.0, 1.0, 0.0, 0.0],
      "brush": {"Solid": {"components": [1.0, 1.0, 1.0, 1.0], "cs": null}},
      "brush_transform": null,
      "shape": "M20,32 C20,25.37258300203048 25.372583002030478,20 31.999999999999996,20 L168,20 C174.62741699796953,20 180,25.372583002030474 180,31.999999999999996 L180,128 C180,134.62741699796953 174.62741699796953,140 168,140 L32,140 C25.37258300203048,140 20,134.62741699796953 20,128 Z"
    }
  },
  {
    "Stroke": {
      "style": {"width": 1.5, "join": "Round", "miter_limit": 4.0, "start_cap": "Round", "end_cap": "Round", "dash_pattern": [], "dash_offset": 0.0},
      "transform": [1.0, 0.0, 0.0, 1.0, 0.0, 0.0],
      "brush": {"Solid": {"components": [0.7843138, 0.7843138, 0.8235295, 1.0], "cs": null}},
      "brush_transform": null,
      "shape": "M20,32 C20,25.37258300203048 25.372583002030478,20 31.999999999999996,20 L168,20 C174.62741699796953,20 180,25.372583002030474 180,31.999999999999996 L180,128 C180,134.62741699796953 174.62741699796953,140 168,140 L32,140 C25.37258300203048,140 20,134.62741699796953 20,128 Z"
    }
  },
  {
    "GlyphRun": {
      "font_data": {"resource_id": 0, "index": 0},
      "font_size": 18.0,
      "hint": false,
      "normalized_coords": [],
      "style": {"Fill": "NonZero"},
      "brush": {"Solid": {"components": [0.15686275, 0.15686275, 0.23529413, 1.0], "cs": null}},
      "brush_alpha": 1.0,
      "transform": [1.0, 0.0, 0.0, 1.0, 32.0, 50.0],
      "glyph_transform": null,
      "glyphs": [{"id": 44, "x": 0.0, "y": 17.0}, {"id": 73, "x": 12.832031, "y": 17.0}, {"id": 80, "x": 22.368164, "y": 17.0}, {"id": 80, "x": 26.736328, "y": 17.0}, {"id": 83, "x": 31.104492, "y": 17.0}, {"id": 4, "x": 41.370117, "y": 17.0}, {"id": 59, "x": 45.82617, "y": 17.0}, {"id": 83, "x": 61.523438, "y": 17.0}, {"id": 86, "x": 71.78906, "y": 17.0}, {"id": 80, "x": 77.87988, "y": 17.0}, {"id": 72, "x": 82.24805, "y": 17.0}, {"id": 5, "x": 92.399414, "y": 17.0}]
    }
  },
  {
    "GlyphRun": {
      "font_data": {"resource_id": 0, "index": 0},
      "font_size": 13.0,
      "hint": false,
      "normalized_coords": [],
      "style": {"Fill": "NonZero"},
      "brush": {"Solid": {"components": [0.3137255, 0.3137255, 0.3921569, 1.0], "cs": null}},
      "brush_alpha": 1.0,
      "transform": [1.0, 0.0, 0.0, 1.0, 32.0, 76.0],
      "glyph_transform": null,
      "glyphs": [{"id": 55, "x": 0.0, "y": 12.0}, {"id": 73, "x": 7.7124023, "y": 12.0}, {"id": 86, "x": 14.599609, "y": 12.0}, {"id": 77, "x": 18.998535, "y": 12.0}, {"id": 69, "x": 22.15332, "y": 12.0}, {"id": 80, "x": 29.22461, "y": 12.0}, {"id": 77, "x": 32.379395, "y": 12.0}, {"id": 94, "x": 35.53418, "y": 12.0}, {"id": 69, "x": 41.97705, "y": 12.0}, {"id": 88, "x": 49.04834, "y": 12.0}, {"id": 77, "x": 53.29492, "y": 12.0}, {"id": 83, "x": 56.449707, "y": 12.0}, {"id": 82, "x": 63.86377, "y": 12.0}, {"id": 4, "x": 71.03662, "y": 12.0}, {"id": 86, "x": 74.25488, "y": 12.0}, {"id": 83, "x": 78.526855, "y": 12.0}, {"id": 89, "x": 85.94092, "y": 12.0}, {"id": 82, "x": 93.10742, "y": 12.0}, {"id": 72, "x": 100.28027, "y": 12.0}, {"id": 88, "x": 107.61182, "y": 12.0}, {"id": 86, "x": 111.8584, "y": 12.0}, {"id": 77, "x": 116.257324, "y": 12.0}, {"id": 84, "x": 119.41211, "y": 12.0}, {"id": 4, "x": 126.70557, "y": 12.0}]
    }
  },
  {
    "GlyphRun": {
      "font_data": {"resource_id": 0, "index": 0},
      "font_size": 13.0,
      "hint": false,
      "normalized_coords": [],
      "style": {"Fill": "NonZero"},
      "brush": {"Solid": {"components": [0.3137255, 0.3137255, 0.3921569, 1.0], "cs": null}},
      "brush_alpha": 1.0,
      "transform": [1.0, 0.0, 0.0, 1.0, 32.0, 76.0],
      "glyph_transform": null,
      "glyphs": [{"id": 88, "x": 0.0, "y": 27.0}, {"id": 73, "x": 4.246582, "y": 27.0}, {"id": 87, "x": 11.133789, "y": 27.0}, {"id": 88, "x": 17.836914, "y": 27.0}, {"id": 30, "x": 22.083496, "y": 27.0}, {"id": 4, "x": 25.231934, "y": 27.0}, {"id": 74, "x": 28.450195, "y": 27.0}, {"id": 83, "x": 32.96338, "y": 27.0}, {"id": 82, "x": 40.37744, "y": 27.0}, {"id": 88, "x": 47.550293, "y": 27.0}, {"id": 87, "x": 51.796875, "y": 27.0}, {"id": 4, "x": 58.5, "y": 27.0}, {"id": 69, "x": 61.71826, "y": 27.0}, {"id": 86, "x": 68.78955, "y": 27.0}, {"id": 73, "x": 73.06787, "y": 27.0}, {"id": 4, "x": 79.95508, "y": 27.0}, {"id": 87, "x": 83.17334, "y": 27.0}, {"id": 89, "x": 89.876465, "y": 27.0}, {"id": 70, "x": 97.04297, "y": 27.0}, {"id": 87, "x": 104.336426, "y": 27.0}, {"id": 73, "x": 111.03955, "y": 27.0}, {"id": 88, "x": 117.92676, "y": 27.0}, {"id": 88, "x": 122.17334, "y": 27.0}, {"id": 73, "x": 126.41992, "y": 27.0}, {"id": 72, "x": 133.30713, "y": 27.0}, {"id": 16, "x": 140.63867, "y": 27.0}, {"id": 4, "x": 143.19043, "y": 27.0}]
    }
  },
  {
    "GlyphRun": {
      "font_data": {"resource_id": 0, "index": 0},
      "font_size": 13.0,
      "hint": false,
      "normalized_coords": [],
      "style": {"Fill": "NonZero"},
      "brush": {"Solid": {"components": [0.3137255, 0.3137255, 0.3921569, 1.0], "cs": null}},
      "brush_alpha": 1.0,
      "transform": [1.0, 0.0, 0.0, 1.0, 32.0, 76.0],
      "glyph_transform": null,
      "glyphs": [{"id": 71, "x": 0.0, "y": 42.0}, {"id": 83, "x": 6.8046875, "y": 42.0}, {"id": 81, "x": 14.21875, "y": 42.0}, {"id": 84, "x": 25.612793, "y": 42.0}, {"id": 86, "x": 32.90625, "y": 42.0}, {"id": 73, "x": 37.18457, "y": 42.0}, {"id": 87, "x": 44.071777, "y": 42.0}, {"id": 87, "x": 50.774902, "y": 42.0}, {"id": 73, "x": 57.478027, "y": 42.0}, {"id": 72, "x": 64.365234, "y": 42.0}, {"id": 4, "x": 71.69678, "y": 42.0}, {"id": 88, "x": 74.91504, "y": 42.0}, {"id": 83, "x": 79.03467, "y": 42.0}, {"id": 4, "x": 86.44873, "y": 42.0}, {"id": 59, "x": 89.66699, "y": 42.0}, {"id": 51, "x": 101.20068, "y": 42.0}, {"id": 42, "x": 110.13818, "y": 42.0}, {"id": 42, "x": 117.32373, "y": 42.0}, {"id": 22, "x": 124.50928, "y": 42.0}, {"id": 16, "x": 131.80908, "y": 42.0}, {"id": 4, "x": 134.36084, "y": 42.0}]
    }
  },
  {
    "GlyphRun": {
      "font_data": {"resource_id": 0, "index": 0},
      "font_size": 13.0,
      "hint": false,
      "normalized_coords": [],
      "style": {"Fill": "NonZero"},
      "brush": {"Solid": {"components": [0.3137255, 0.3137255, 0.3921569, 1.0], "cs": null}},
      "brush_alpha": 1.0,
      "transform": [1.0, 0.0, 0.0, 1.0, 32.0, 76.0],
      "glyph_transform": null,
      "glyphs": [{"id": 69, "x": 0.0, "y": 58.0}, {"id": 82, "x": 7.071289, "y": 58.0}, {"id": 72, "x": 14.244141, "y": 58.0}, {"id": 4, "x": 21.575684, "y": 58.0}, {"id": 86, "x": 24.793945, "y": 58.0}, {"id": 73, "x": 29.072266, "y": 58.0}, {"id": 87, "x": 35.959473, "y": 58.0}, {"id": 88, "x": 42.662598, "y": 58.0}, {"id": 83, "x": 46.782227, "y": 58.0}, {"id": 86, "x": 54.19629, "y": 58.0}, {"id": 73, "x": 58.47461, "y": 58.0}, {"id": 72, "x": 65.36182, "y": 58.0}, {"id": 18, "x": 72.69336, "y": 58.0}]
    }
  },
  {
    "PushLayer": {
      "blend": {"mix": "Multiply", "compose": "SrcOver"},
      "alpha": 0.8,
      "transform": [1.0, 0.0, 0.0, 1.0, 0.0, 0.0],
      "clip": "M0,0 L400,0 L400,300 L0,300 Z"
    }
  },
  {
    "Fill": {
      "fill": "NonZero",
      "transform": [1.0, 0.0, 0.0, 1.0, 0.0, 0.0],
      "brush": {"Solid": {"components": [1.0, 0.3921569, 0.3921569, 0.7843138], "cs": null}},
      "brush_transform": null,
      "shape": "M330,80 C330,107.5957512247 307.5957512247,130 280,130 C252.4042487753,130 230,107.59575122470001 230,80 C230,52.404248775300005 252.4042487753,30.000000000000007 280,30 C307.5957512247,30 330,52.404248775300005 330,80 Z"
    }
  },
  {
    "Fill": {
      "fill": "NonZero",
      "transform": [1.0, 0.0, 0.0, 1.0, 0.0, 0.0],
      "brush": {"Solid": {"components": [0.3921569, 0.3921569, 1.0, 0.7843138], "cs": null}},
      "brush_transform": null,
      "shape": "M370,80 C370,107.5957512247 347.5957512247,130 320,130 C292.4042487753,130 270,107.59575122470001 270,80 C270,52.404248775300005 292.4042487753,30.000000000000007 320,30 C347.5957512247,30 370,52.404248775300005 370,80 Z"
    }
  },
  {
    "Fill": {
      "fill": "NonZero",
      "transform": [1.0, 0.0, 0.0, 1.0, 0.0, 0.0],
      "brush": {"Solid": {"components": [0.3921569, 1.0, 0.3921569, 0.7843138], "cs": null}},
      "brush_transform": null,
      "shape": "M350,120 C350,147.5957512247 327.5957512247,170 300,170 C272.4042487753,170 250,147.5957512247 250,120 C250,92.4042487753 272.4042487753,70 300,70 C327.5957512247,70 350,92.4042487753 350,120 Z"
    }
  },
  "PopLayer",
  {
    "PushClipLayer": {
      "transform": [1.0, 0.0, 0.0, 1.0, 0.0, 0.0],
      "clip": "M160,220 C160,253.11490146964 133.11490146964002,280 100,280 C66.88509853036001,280 40.00000000000001,253.11490146964002 40,220 C40,186.88509853036 66.88509853035998,160 99.99999999999999,160 C133.11490146964,160 160,186.88509853036 160,220 Z"
    }
  },
  {
    "Fill": {
      "fill": "NonZero",
      "transform": [1.0, 0.0, 0.0, 1.0, 0.0, 0.0],
      "brush": {"Solid": {"components": [1.0, 0.7843138, 0.3921569, 1.0], "cs": null}},
      "brush_transform": null,
      "shape": "M40,160 L52,160 L52,280 L40,280 Z"
    }
  },
  {
    "Fill": {
      "fill": "NonZero",
      "transform": [1.0, 0.0, 0.0, 1.0, 0.0, 0.0],
      "brush": {"Solid": {"components": [0.3921569, 0.7843138, 1.0, 1.0], "cs": null}},
      "brush_transform": null,
      "shape": "M52,160 L64,160 L64,280 L52,280 Z"
    }
  },
  {
    "Fill": {
      "fill": "NonZero",
      "transform": [1.0, 0.0, 0.0, 1.0, 0.0, 0.0],
      "brush": {"Solid": {"components": [1.0, 0.7843138, 0.3921569, 1.0], "cs": null}},
      "brush_transform": null,
      "shape": "M64,160 L76,160 L76,280 L64,280 Z"
    }
  },
  {
    "Fill": {
      "fill": "NonZero",
      "transform": [1.0, 0.0, 0.0, 1.0, 0.0, 0.0],
      "brush": {"Solid": {"components": [0.3921569, 0.7843138, 1.0, 1.0], "cs": null}},
      "brush_transform": null,
      "shape": "M76,160 L88,160 L88,280 L76,280 Z"
    }
  },
  {
    "Fill": {
      "fill": "NonZero",
      "transform": [1.0, 0.0, 0.0, 1.0, 0.0, 0.0],
      "brush": {"Solid": {"components": [1.0, 0.7843138, 0.3921569, 1.0], "cs": null}},
      "brush_transform": null,
      "shape": "M88,160 L100,160 L100,280 L88,280 Z"
    }
  },
  {
    "Fill": {
      "fill": "NonZero",
      "transform": [1.0, 0.0, 0.0, 1.0, 0.0, 0.0],
      "brush": {"Solid": {"components": [0.3921569, 0.7843138, 1.0, 1.0], "cs": null}},
      "brush_transform": null,
      "shape": "M100,160 L112,160 L112,280 L100,280 Z"
    }
  },
  {
    "Fill": {
      "fill": "NonZero",
      "transform": [1.0, 0.0, 0.0, 1.0, 0.0, 0.0],
      "brush": {"Solid": {"components": [1.0, 0.7843138, 0.3921569, 1.0], "cs": null}},
      "brush_transform": null,
      "shape": "M112,160 L124,160 L124,280 L112,280 Z"
    }
  },
  {
    "Fill": {
      "fill": "NonZero",
      "transform": [1.0, 0.0, 0.0, 1.0, 0.0, 0.0],
      "brush": {"Solid": {"components": [0.3921569, 0.7843138, 1.0, 1.0], "cs": null}},
      "brush_transform": null,
      "shape": "M124,160 L136,160 L136,280 L124,280 Z"
    }
  },
  {
    "Fill": {
      "fill": "NonZero",
      "transform": [1.0, 0.0, 0.0, 1.0, 0.0, 0.0],
      "brush": {"Solid": {"components": [1.0, 0.7843138, 0.3921569, 1.0], "cs": null}},
      "brush_transform": null,
      "shape": "M136,160 L148,160 L148,280 L136,280 Z"
    }
  },
  {
    "Fill": {
      "fill": "NonZero",
      "transform": [1.0, 0.0, 0.0, 1.0, 0.0, 0.0],
      "brush": {"Solid": {"components": [0.3921569, 0.7843138, 1.0, 1.0], "cs": null}},
      "brush_transform": null,
      "shape": "M148,160 L160,160 L160,280 L148,280 Z"
    }
  },
  "PopLayer",
  {
    "Fill": {
      "fill": "NonZero",
      "transform": [8.0, 0.0, 0.0, 8.0, 220.0, 180.0],
      "brush": {"Image": {"image": 0, "sampler": {"x_extend": "Pad", "y_extend": "Pad", "quality": "Medium", "alpha": 1.0}}},
      "brush_transform": null,
      "shape": "M0,0 L16,0 L16,12 L0,12 Z"
    }
  },
  {
    "Stroke": {
      "style": {"width": 2.0, "join": "Round", "miter_limit": 4.0, "start_cap": "Round", "end_cap": "Round", "dash_pattern": [], "dash_offset": 0.0},
      "transform": [1.0, 0.0, 0.0, 1.0, 0.0, 0.0],
      "brush": {"Solid": {"components": [0.23529413, 0.23529413, 0.3137255, 1.0], "cs": null}},
      "brush_transform": null,
      "shape": "M220,180 L348,180 L348,276 L220,276 Z"
    }
  }
]