{
  "version": 1,
  "tolerance": 0.1,
  "images": [
    {
      "id": 0,
      "kind": "image",
      "size": 256,
      "sha256_hash": "5bebe52dfe2442cb6c14d6b8ace6005f0539eb91b6f26863859901980721757f",
      "path": "images/5bebe52dfe2442cb6c14d6b8ace6005f0539eb91b6f26863859901980721757f.png",
      "format": "Rgba8",
      "alpha_type": "Alpha",
      "width": 8,
      "height": 8
    }
  ],
  "fonts": [
    {
      "id": 0,
      "kind": "font",
      "size": 6500,
      "sha256_hash": "11e2f4674658f34eb010b9c0f2ab0bc247630d4ecb1ce2334bf23f6d183bbf67",
      "path": "fonts/11e2f4674658f34eb010b9c0f2ab0bc247630d4ecb1ce2334bf23f6d183bbf67.woff2"
    }
  ]
}